	0	1	2	3
GCF_000009765.2_ASM976v2_genomic	1162.0	6455.0	7617.0	15.25534987527898
GCF_000010605.1_ASM1060v1_genomic	1193.0	5819.0	7012.0	17.01369081574444
GCF_000091305.1_ASM9130v1_genomic	1024.0	7556.0	8580.0	11.934731934731936
GCF_000092385.1_ASM9238v1_genomic	1807.0	7838.0	9645.0	18.73509590461379
GCF_000147815.2_ASM14781v3_genomic	1679.0	7367.0	9046.0	18.56068980764979
GCF_000177195.2_ASM17719v2_genomic	757.0	5622.0	6379.0	11.867063803103935
GCF_000220705.2_ASM22070v2_genomic	599.0	5299.0	5898.0	10.15598507968803
GCF_000261345.2_ASM26134v2_genomic	980.0	5775.0	6755.0	14.507772020725387
GCF_000280865.2_ASM28086v2_genomic	1041.0	5514.0	6555.0	15.881006864988558
GCF_000297155.3_ASM29715v3_genomic	1209.0	5231.0	6440.0	18.773291925465838
GCF_000331185.2_ASM33118v2_genomic	1889.0	6312.0	8201.0	23.03377636873552
GCF_000359525.1_ASM35952v1_genomic	686.0	5120.0	5806.0	11.815363417154668
GCF_000364805.1_ASM36480v1_genomic	813.0	5686.0	6499.0	12.509616864132944
GCF_000385945.1_ASM38594v1_genomic	1000.0	5825.0	6825.0	14.652014652014653
GCF_000412265.2_ASM41226v2_genomic	1518.0	5922.0	7440.0	20.403225806451612
GCF_000444875.1_ASM44487v1_genomic	1133.0	5935.0	7068.0	16.029994340690436
GCF_000495635.2_GB94_v2_genomic	987.0	4990.0	5977.0	16.513300987117283
GCF_000612545.2_ASM61254v2_genomic	934.0	5676.0	6610.0	14.130105900151285
GCF_000695235.1_ASM69523v1_genomic	1198.0	6600.0	7798.0	15.362913567581431
GCF_000739105.1_ASM73910v1_genomic	824.0	6502.0	7326.0	11.247611247611248
GCF_000761215.1_ASM76121v1_genomic	744.0	5691.0	6435.0	11.561771561771563
GCF_000772045.1_ASM77204v1_genomic	752.0	6518.0	7270.0	10.343878954607979
GCF_000802245.2_ASM80224v2_genomic	834.0	5291.0	6125.0	13.616326530612245
GCF_000816025.1_ASM81602v1_genomic	1578.0	7050.0	8628.0	18.289290681502084
GCF_000816465.3_ASM81646v4_genomic	851.0	5465.0	6316.0	13.473717542748576
GCF_000830005.1_ASM83000v1_genomic	952.0	7039.0	7991.0	11.913402577900138
GCF_000931445.1_ASM93144v1_genomic	1176.0	5165.0	6341.0	18.54597066708721
GCF_000935185.3_ASM93518v3_genomic	1191.0	6672.0	7863.0	15.146890499809231
GCF_000993785.3_ASM99378v3_genomic	690.0	4539.0	5229.0	13.195639701663797
GCF_001011035.1_ASM101103v1_genomic	1039.0	5680.0	6719.0	15.46361065634767
GCF_001013905.1_sleC34_genomic	1210.0	5571.0	6781.0	17.84397581477658
GCF_001267885.1_ASM126788v1_genomic	856.0	6382.0	7238.0	11.826471400939486
GCF_001278075.1_ASM127807v1_genomic	831.0	6357.0	7188.0	11.56093489148581
GCF_001278095.1_ASM127809v1_genomic	1280.0	5638.0	6918.0	18.502457357617807
GCF_001431765.1_ASM143176v1_genomic	689.0	5372.0	6061.0	11.36776109552879
GCF_001484565.1_ASM148456v1_genomic	1120.0	7859.0	8979.0	12.473549393028177
GCF_001542625.1_ASM154262v2_genomic	1653.0	7594.0	9247.0	17.87606791391803
GCF_001577385.1_ASM157738v1_genomic	686.0	5397.0	6083.0	11.277330264672036
GCF_001598115.1_ASM159811v2_genomic	1510.0	7303.0	8813.0	17.13377964370816
GCF_001611795.1_ASM161179v1_genomic	806.0	7037.0	7843.0	10.276679841897234
GCF_001632865.1_ASM163286v1_genomic	869.0	6067.0	6936.0	12.52883506343714
GCF_001636945.2_ASM163694v2_genomic	1376.0	7114.0	8490.0	16.207302709069495
GCF_001650215.1_ASM165021v1_genomic	1350.0	7679.0	9029.0	14.95182190718795
GCF_001654495.1_ASM165449v1_genomic	847.0	5369.0	6216.0	13.626126126126126
GCF_001660045.1_ASM166004v1_genomic	1213.0	5601.0	6814.0	17.80158497211623
GCF_001685355.1_ASM168535v1_genomic	1065.0	7872.0	8937.0	11.916750587445451
GCF_001693675.1_ASM169367v1_genomic	1460.0	4593.0	6053.0	24.120270940029737
GCF_001704195.1_ASM170419v1_genomic	723.0	5232.0	5955.0	12.141057934508815
GCF_001729485.1_ASM172948v1_genomic	825.0	6229.0	7054.0	11.69549191947831
GCF_001735805.1_ASM173580v1_genomic	1166.0	7020.0	8186.0	14.243830930857563
GCF_001750785.1_ASM175078v1_genomic	783.0	4530.0	5313.0	14.737436476566913
GCF_001767375.1_ASM176737v1_genomic	967.0	5532.0	6499.0	14.879212186490228
GCF_001886595.1_ASM188659v1_genomic	923.0	6494.0	7417.0	12.444384522043952
GCF_001931635.1_ASM193163v1_genomic	1007.0	5738.0	6745.0	14.929577464788732
GCF_001941845.1_ASM194184v1_genomic	911.0	5710.0	6621.0	13.759250868448875
GCF_001975025.1_ASM197502v1_genomic	1334.0	5862.0	7196.0	18.538076709282937
GCF_001983975.1_ASM198397v1_genomic	1538.0	6348.0	7886.0	19.502916560994166
GCF_001984445.1_ASM198444v1_genomic	761.0	6311.0	7072.0	10.760746606334843
GCF_002005225.1_ASM200522v1_genomic	1050.0	5935.0	6985.0	15.032211882605583
GCF_002007685.1_ASM200768v1_genomic	901.0	5953.0	6854.0	13.145608403851766
GCF_002009175.1_ASM200917v1_genomic	908.0	5896.0	6804.0	13.3450911228689
GCF_002021875.1_ASM202187v1_genomic	1664.0	8017.0	9681.0	17.188306993079227
GCF_002028385.1_ASM202838v1_genomic	1335.0	6449.0	7784.0	17.150565262076054
GCF_002080455.1_ASM208045v1_genomic	1110.0	5983.0	7093.0	15.64923163682504
GCF_002082175.1_ASM208217v1_genomic	1006.0	5690.0	6696.0	15.02389486260454
GCF_002082195.1_ASM208219v1_genomic	836.0	6446.0	7282.0	11.48036253776435
GCF_002090335.1_ASM209033v1_genomic	749.0	6214.0	6963.0	10.756857676288956
GCF_002094995.1_ASM209499v1_genomic	1184.0	5153.0	6337.0	18.68391983588449
GCF_002128305.1_ASM212830v1_genomic	842.0	4488.0	5330.0	15.797373358348969
GCF_002189675.2_ASM218967v2_genomic	1101.0	6892.0	7993.0	13.774552733641936
GCF_002192455.1_ASM219245v1_genomic	1609.0	5063.0	6672.0	24.11570743405276
GCF_002288075.1_ASM228807v1_genomic	491.0	5442.0	5933.0	8.275745828417328
GCF_002556545.1_ASM255654v1_genomic	1508.0	6548.0	8056.0	18.71896722939424
GCF_002591335.1_ASM259133v1_genomic	1580.0	6777.0	8357.0	18.906306090702405
GCF_002803845.1_ASM280384v1_genomic	1339.0	6379.0	7718.0	17.349054159108576
GCF_002804165.1_ASM280416v1_genomic	966.0	5373.0	6339.0	15.238996687174634
GCF_002812405.1_ASM281240v1_genomic	1688.0	7449.0	9137.0	18.47433512093685
GCF_002832675.1_ASM283267v1_genomic	734.0	5512.0	6246.0	11.751520973422991
GCF_002847285.1_ASM284728v1_genomic	997.0	5631.0	6628.0	15.042245021122511
GCF_002910725.2_ASM291072v2_genomic	811.0	5268.0	6079.0	13.341010034545157
GCF_002910775.2_ASM291077v2_genomic	925.0	5631.0	6556.0	14.10921293471629
GCF_002943895.1_ASM294389v1_genomic	815.0	6030.0	6845.0	11.906501095690285
GCF_002946835.1_ASM294683v1_genomic	773.0	6808.0	7581.0	10.196543991557842
GCF_003032475.1_ASM303247v1_genomic	1035.0	7187.0	8222.0	12.588178058866456
GCF_003054555.1_ASM305455v1_genomic	1038.0	6287.0	7325.0	14.170648464163824
GCF_003074055.1_ASM307405v1_genomic	592.0	6134.0	6726.0	8.801665179898901
GCF_003097515.1_ASM309751v1_genomic	938.0	5044.0	5982.0	15.680374456703444
GCF_003122365.1_ASM312236v1_genomic	775.0	4925.0	5700.0	13.596491228070176
GCF_003147545.1_ASM314754v1_genomic	960.0	5528.0	6488.0	14.796547472256474
GCF_003173275.1_ASM317327v1_genomic	1064.0	6962.0	8026.0	13.256915026164965
GCF_003208035.1_ASM320803v1_genomic	813.0	6359.0	7172.0	11.33575013943112
GCF_003261055.1_ASM326105v1_genomic	1245.0	7295.0	8540.0	14.578454332552692
GCF_003268535.2_ASM326853v2_genomic	1418.0	7110.0	8528.0	16.627579737335836
GCF_003325375.1_ASM332537v1_genomic	0.0	6446.0	6446.0	0.0
GCF_003330845.1_ASM333084v1_genomic	928.0	6485.0	7413.0	12.518548495885607
GCF_003330865.1_ASM333086v1_genomic	956.0	6942.0	7898.0	12.104330210179793
GCF_003344445.1_ASM334444v1_genomic	972.0	7295.0	8267.0	11.757590419741138
GCF_003344965.1_ASM334496v1_genomic	1022.0	5935.0	6957.0	14.690240045996838
GCF_003352445.1_ASM335244v1_genomic	990.0	5362.0	6352.0	15.585642317380351
GCF_003369795.1_ASM336979v1_genomic	852.0	5954.0	6806.0	12.518366147516897
GCF_003391135.1_ASM339113v1_genomic	1618.0	5643.0	7261.0	22.283432034155076
GCF_003428925.1_ASM342892v1_genomic	630.0	5443.0	6073.0	10.37378560843076
GCF_003443735.1_ASM344373v1_genomic	803.0	7323.0	8126.0	9.881860694068422
GCF_003454755.1_ASM345475v1_genomic	1682.0	4692.0	6374.0	26.38845309068089
GCF_003595235.1_ASM359523v1_genomic	672.0	7590.0	8262.0	8.133623819898329
GCF_003595545.1_ASM359554v1_genomic	1644.0	7701.0	9345.0	17.592295345104333
GCF_003610995.1_ASM361099v1_genomic	886.0	5037.0	5923.0	14.958635826439304
GCF_003627815.1_ASM362781v1_genomic	1040.0	6130.0	7170.0	14.504881450488144
GCF_003665435.1_ASM366543v1_genomic	1122.0	5524.0	6646.0	16.882335239241648
GCF_003675325.1_ASM367532v1_genomic	1059.0	5507.0	6566.0	16.128540968626258
GCF_003721495.1_ASM372149v1_genomic	1881.0	5964.0	7845.0	23.977055449330784
GCF_003932715.1_ASM393271v1_genomic	1213.0	5224.0	6437.0	18.844182072393973
GCF_003945505.1_ASM394550v1_genomic	799.0	6110.0	6909.0	11.564625850340136
GCF_003945525.1_ASM394552v1_genomic	734.0	6229.0	6963.0	10.541433290248456
GCF_003945545.1_ASM394554v1_genomic	1063.0	6035.0	7098.0	14.976049591434206
GCF_003950035.1_ASM395003v1_genomic	1694.0	5448.0	7142.0	23.718846261551384
GCF_003950055.1_ASM395005v1_genomic	766.0	6257.0	7023.0	10.907019792111633
GCF_003955715.1_ASM395571v1_genomic	925.0	8291.0	9216.0	10.03689236111111
GCF_003963535.1_ASM396353v1_genomic	1198.0	7892.0	9090.0	13.17931793179318
GCF_003970715.1_ASM397071v1_genomic	1204.0	5046.0	6250.0	19.264
GCF_003994375.1_ASM399437v1_genomic	1000.0	6538.0	7538.0	13.266118333775538
GCF_003994395.1_ASM399439v1_genomic	1118.0	6395.0	7513.0	14.880873153201119
GCF_004104485.1_ASM410448v1_genomic	1289.0	5872.0	7161.0	18.00027929060187
GCF_004104505.1_ASM410450v1_genomic	714.0	7089.0	7803.0	9.15032679738562
GCF_004328625.1_ASM432862v1_genomic	833.0	4868.0	5701.0	14.611471671636556
GCF_004524875.1_ASM452487v1_genomic	884.0	5375.0	6259.0	14.12366192682537
GCF_004795715.1_ASM479571v1_genomic	841.0	6084.0	6925.0	12.144404332129964
GCF_004803895.1_ASM480389v1_genomic	950.0	6742.0	7692.0	12.350494019760792
GCF_005222485.1_ASM522248v1_genomic	1111.0	6426.0	7537.0	14.74061297598514
GCF_005490965.1_ASM549096v1_genomic	1253.0	5610.0	6863.0	18.257321870901936
GCF_005517195.1_ASM551719v1_genomic	610.0	6223.0	6833.0	8.92726474462169
GCF_005519465.1_ASM551946v1_genomic	2358.0	4418.0	6776.0	34.799291617473436
GCF_005860785.2_ASM586078v2_genomic	932.0	7288.0	8220.0	11.338199513381996
GCF_006088715.1_ASM608871v1_genomic	2374.0	6621.0	8995.0	26.392440244580325
GCF_006229535.1_ASM622953v1_genomic	1823.0	6381.0	8204.0	22.220867869332032
GCF_006516935.1_ASM651693v1_genomic	814.0	7156.0	7970.0	10.213299874529486
GCF_006716135.1_ASM671613v1_genomic	925.0	5508.0	6433.0	14.378983367013834
GCF_006974005.1_ASM697400v1_genomic	1559.0	6635.0	8194.0	19.026116670734684
GCF_007113405.2_ASM711340v2_genomic	1043.0	9056.0	10099.0	10.327755223289435
GCF_007113425.2_ASM711342v2_genomic	1049.0	9338.0	10387.0	10.099162414556657
GCF_007113505.2_ASM711350v2_genomic	1005.0	9343.0	10348.0	9.712021646695014
GCF_007113525.2_ASM711352v2_genomic	1024.0	9554.0	10578.0	9.680468897712233
GCF_007113665.2_ASM711366v2_genomic	1033.0	9270.0	10303.0	10.026205959429292
GCF_007363395.1_ASM736339v1_genomic	1487.0	6322.0	7809.0	19.042130874631834
GCF_007856155.1_ASM785615v1_genomic	1139.0	5336.0	6475.0	17.59073359073359
GCF_008632955.1_ASM863295v1_genomic	530.0	5744.0	6274.0	8.447561364360855
GCF_008639045.1_ASM863904v1_genomic	891.0	5978.0	6869.0	12.971320425098268
GCF_008639165.1_ASM863916v1_genomic	922.0	6334.0	7256.0	12.706725468577728
GCF_008642275.1_ASM864227v1_genomic	851.0	5811.0	6662.0	12.77394175923146
GCF_008642295.1_ASM864229v1_genomic	793.0	5681.0	6474.0	12.248995983935743
GCF_008642315.1_ASM864231v1_genomic	1120.0	6534.0	7654.0	14.632871701071334
GCF_008642335.1_ASM864233v1_genomic	957.0	6024.0	6981.0	13.7086377309841
GCF_008642355.1_ASM864235v1_genomic	999.0	6056.0	7055.0	14.160170092133239
GCF_008642375.1_ASM864237v1_genomic	935.0	6539.0	7474.0	12.51003478726251
GCF_008704395.1_ASM870439v1_genomic	929.0	5784.0	6713.0	13.838820199612693
GCF_008704425.1_ASM870442v1_genomic	765.0	4794.0	5559.0	13.761467889908257
GCF_008704445.1_ASM870444v1_genomic	719.0	5644.0	6363.0	11.2997013987113
GCF_008704495.1_ASM870449v1_genomic	1613.0	6874.0	8487.0	19.00553788146577
GCF_008704515.1_ASM870451v1_genomic	661.0	5575.0	6236.0	10.59974342527261
GCF_008704535.1_ASM870453v1_genomic	1031.0	5504.0	6535.0	15.776587605202755
GCF_008704555.1_ASM870455v1_genomic	744.0	5703.0	6447.0	11.540251279664961
GCF_008704575.1_ASM870457v1_genomic	724.0	6070.0	6794.0	10.656461583750367
GCF_008704655.1_ASM870465v1_genomic	1587.0	6342.0	7929.0	20.015134317063943
GCF_008704715.1_ASM870471v1_genomic	1191.0	7297.0	8488.0	14.0315739868049
GCF_008704795.1_ASM870479v1_genomic	1620.0	6453.0	8073.0	20.066889632107024
GCF_008704855.1_ASM870485v1_genomic	1090.0	6073.0	7163.0	15.217087812369117
GCF_008704935.1_ASM870493v1_genomic	667.0	6048.0	6715.0	9.932985852568876
GCF_008704995.1_ASM870499v1_genomic	743.0	5858.0	6601.0	11.255870322678382
GCF_008705135.1_ASM870513v1_genomic	1178.0	6985.0	8163.0	14.430969006492711
GCF_008705255.1_ASM870525v1_genomic	837.0	5971.0	6808.0	12.294359576968272
GCF_008931305.1_ASM893130v1_genomic	854.0	6725.0	7579.0	11.267977305713154
GCF_009184865.1_ASM918486v1_genomic	853.0	7738.0	8591.0	9.928995460365499
GCF_009296025.1_ASM929602v1_genomic	1172.0	5459.0	6631.0	17.67455889006183
GCF_009299385.1_ASM929938v1_genomic	764.0	5766.0	6530.0	11.699846860643186
GCF_009495655.1_ASM949565v1_genomic	1162.0	6483.0	7645.0	15.199476782210594
GCF_009498275.1_ASM949827v1_genomic	640.0	6763.0	7403.0	8.645143860597056
GCF_009650765.1_ASM965076v1_genomic	1323.0	5633.0	6956.0	19.019551466359978
GCF_009739905.1_ASM973990v1_genomic	782.0	5433.0	6215.0	12.582461786001609
GCF_009789635.1_ASM978963v1_genomic	795.0	5757.0	6552.0	12.133699633699633
GCF_009796285.1_ASM979628v1_genomic	851.0	7578.0	8429.0	10.09609680863685
GCF_009832925.1_ASM983292v1_genomic	601.0	5742.0	6343.0	9.475011824058017
GCF_009834105.1_ASM983410v1_genomic	763.0	5425.0	6188.0	12.330316742081449
GCF_009834125.1_ASM983412v1_genomic	1038.0	6561.0	7599.0	13.65969206474536
GCF_009834145.1_ASM983414v1_genomic	1258.0	5349.0	6607.0	19.040411684576963
GCF_009857135.1_ASM985713v1_genomic	789.0	5562.0	6351.0	12.423240434577231
GCF_009867075.1_ASM986707v1_genomic	1018.0	5558.0	6576.0	15.480535279805352
GCF_009936315.1_ASM993631v1_genomic	1415.0	7116.0	8531.0	16.586566639315436
GCF_010384365.1_ASM1038436v1_genomic	1020.0	5597.0	6617.0	15.414840562188303
GCF_010523235.1_ASM1052323v1_genomic	898.0	5008.0	5906.0	15.204876396884522
GCF_010669165.1_ASM1066916v1_genomic	1474.0	6561.0	8035.0	18.344741754822653
GCF_011006355.1_ASM1100635v1_genomic	900.0	5605.0	6505.0	13.835511145272866
GCF_011650445.1_ASM1165044v1_genomic	1118.0	5946.0	7064.0	15.826727066817666
GCF_011694815.1_ASM1169481v1_genomic	748.0	5775.0	6523.0	11.467116357504215
GCF_011751035.2_ASM1175103v2_genomic	1067.0	6277.0	7344.0	14.528867102396514
GCF_011820545.1_ASM1182054v1_genomic	1374.0	6493.0	7867.0	17.465361637218763
GCF_012044595.1_ASM1204459v1_genomic	810.0	6514.0	7324.0	11.059530311305297
GCF_012273515.1_ASM1227351v1_genomic	767.0	7043.0	7810.0	9.820742637644047
GCF_012273535.1_ASM1227353v1_genomic	926.0	9224.0	10150.0	9.123152709359605
GCF_012275145.1_ASM1227514v1_genomic	1044.0	9018.0	10062.0	10.37567084078712
GCF_013009255.1_ASM1300925v1_genomic	1043.0	7154.0	8197.0	12.724167378309136
GCF_013046785.1_ASM1304678v1_genomic	746.0	5968.0	6714.0	11.11111111111111
GCF_013085465.1_ASM1308546v1_genomic	1006.0	7587.0	8593.0	11.707203537763295
GCF_013317105.1_ASM1331710v1_genomic	787.0	6767.0	7554.0	10.418321419115701
GCF_013364095.1_ASM1336409v1_genomic	680.0	4430.0	5110.0	13.307240704500977
GCF_013364155.1_ASM1336415v1_genomic	1501.0	6603.0	8104.0	18.52171767028628
GCF_013364175.1_ASM1336417v1_genomic	793.0	5862.0	6655.0	11.915852742299023
GCF_013364195.1_ASM1336419v1_genomic	799.0	5615.0	6414.0	12.457125038977237
GCF_013364315.1_ASM1336431v1_genomic	1562.0	5638.0	7200.0	21.694444444444443
GCF_013364335.1_ASM1336433v1_genomic	995.0	6017.0	7012.0	14.18996006845408
GCF_013364375.1_ASM1336437v1_genomic	838.0	6436.0	7274.0	11.52048391531482
GCF_013375055.1_ASM1337505v1_genomic	1479.0	7954.0	9433.0	15.678999257924309
GCF_013394065.1_ASM1339406v1_genomic	1334.0	5046.0	6380.0	20.909090909090907
GCF_013401535.1_ASM1340153v1_genomic	820.0	5779.0	6599.0	12.426125170480375
GCF_013414305.1_ASM1341430v1_genomic	1428.0	6964.0	8392.0	17.01620591039085
GCF_013423905.1_ASM1342390v1_genomic	1112.0	6311.0	7423.0	14.980466118819885
GCF_013693715.1_ASM1369371v1_genomic	752.0	5138.0	5890.0	12.767402376910017
GCF_014070435.1_ASM1407043v1_genomic	640.0	6115.0	6755.0	9.474463360473722
GCF_014083905.1_ASM1408390v1_genomic	1028.0	7660.0	8688.0	11.832412523020258
GCF_014083985.1_ASM1408398v1_genomic	508.0	4584.0	5092.0	9.97643362136685
GCF_014216315.1_ASM1421631v1_genomic	803.0	5832.0	6635.0	12.102486812358704
GCF_014216335.1_ASM1421633v1_genomic	678.0	4936.0	5614.0	12.076950480940505
GCF_014217585.1_ASM1421758v1_genomic	1108.0	6164.0	7272.0	15.236523652365236
GCF_014295035.1_ASM1429503v1_genomic	950.0	5462.0	6412.0	14.815970056144728
GCF_014489615.1_ASM1448961v1_genomic	1261.0	5365.0	6626.0	19.031089646845757
GCF_014489635.1_ASM1448963v1_genomic	1621.0	6710.0	8331.0	19.45744808546393
GCF_014495705.1_ASM1449570v1_genomic	1155.0	5771.0	6926.0	16.67629223216864
GCF_014621695.1_ASM1462169v1_genomic	1086.0	6339.0	7425.0	14.626262626262626
GCF_014673495.1_ASM1467349v1_genomic	1718.0	6163.0	7881.0	21.79926405278518
GCF_014701095.1_ASM1470109v1_genomic	672.0	5986.0	6658.0	10.093121057374587
GCF_014701115.1_ASM1470111v1_genomic	782.0	7140.0	7922.0	9.871244635193133
GCF_014852565.2_ASM1485256v2_genomic	962.0	7697.0	8659.0	11.109827924702621
GCF_015160855.1_ASM1516085v1_genomic	988.0	7643.0	8631.0	11.447109257328234
GCF_015160875.1_ASM1516087v1_genomic	585.0	5802.0	6387.0	9.159229685298262
GCF_015244315.1_ASM1524431v1_genomic	1204.0	5861.0	7065.0	17.041755130927104
GCF_015601545.1_ASM1560154v1_genomic	548.0	5087.0	5635.0	9.724933451641526
GCF_015689475.1_ASM1568947v1_genomic	1667.0	7313.0	8980.0	18.56347438752784
GCF_015708605.1_ASM1570860v1_genomic	2244.0	4683.0	6927.0	32.394976180164576
GCF_015710995.1_ASM1571099v1_genomic	957.0	6918.0	7875.0	12.152380952380952
GCF_015767735.1_ASM1576773v1_genomic	1462.0	4581.0	6043.0	24.193281482707267
GCF_015767755.1_ASM1576775v1_genomic	1491.0	4606.0	6097.0	24.454649827784156
GCF_015767775.1_ASM1576777v1_genomic	1449.0	4597.0	6046.0	23.966258683427057
GCF_015767795.1_ASM1576779v1_genomic	1569.0	4626.0	6195.0	25.326876513317192
GCF_015767815.1_ASM1576781v1_genomic	1569.0	4635.0	6204.0	25.290135396518377
GCF_015767855.1_ASM1576785v1_genomic	1392.0	4621.0	6013.0	23.149842008980542
GCF_015767875.1_ASM1576787v1_genomic	1434.0	4625.0	6059.0	23.667271827034163
GCF_015767895.1_ASM1576789v1_genomic	1303.0	4753.0	6056.0	21.51585204755614
GCF_015767915.1_ASM1576791v1_genomic	1557.0	4714.0	6271.0	24.828575984691437
GCF_015767935.1_ASM1576793v1_genomic	1434.0	4610.0	6044.0	23.72600926538716
GCF_015910445.1_ASM1591044v1_genomic	604.0	5648.0	6252.0	9.660908509277032
GCF_016128295.1_ASM1612829v1_genomic	1398.0	5961.0	7359.0	18.997146351406442
GCF_016467295.1_ASM1646729v1_genomic	1256.0	6110.0	7366.0	17.051316861254413
GCF_016598575.1_ASM1659857v1_genomic	738.0	3686.0	4424.0	16.681735985533454
GCF_016598615.1_ASM1659861v1_genomic	1259.0	8467.0	9726.0	12.944684351223524
GCF_016605905.1_ASM1660590v1_genomic	738.0	4537.0	5275.0	13.99052132701422
GCF_016756395.1_ASM1675639v1_genomic	1284.0	5885.0	7169.0	17.91044776119403
GCF_016803985.1_ASM1680398v1_genomic	647.0	5190.0	5837.0	11.08446119581977
GCF_016804005.1_ASM1680400v1_genomic	864.0	5861.0	6725.0	12.847583643122675
GCF_016906185.1_ASM1690618v1_genomic	1153.0	5689.0	6842.0	16.85179771996492
GCF_016906205.1_ASM1690620v1_genomic	1224.0	5594.0	6818.0	17.95247873276621
GCF_016906225.1_ASM1690622v1_genomic	1156.0	5701.0	6857.0	16.85868455592825
GCF_016906245.1_ASM1690624v1_genomic	1255.0	5566.0	6821.0	18.399061721155256
GCF_016906265.1_ASM1690626v1_genomic	1273.0	5752.0	7025.0	18.12099644128114
GCF_016917755.1_ASM1691775v1_genomic	1337.0	6901.0	8238.0	16.22966739499879
GCF_016919685.1_ASM1691968v1_genomic	1153.0	5194.0	6347.0	18.16606270679061
GCF_017311125.1_ASM1731112v1_genomic	1097.0	5621.0	6718.0	16.329264662101817
GCF_017352335.1_ASM1735233v1_genomic	723.0	5720.0	6443.0	11.221480676703399
GCF_017358145.1_ASM1735814v1_genomic	1426.0	5576.0	7002.0	20.365609825764068
GCF_017526105.1_ASM1752610v1_genomic	1059.0	6300.0	7359.0	14.390542193232776
GCF_017639205.1_ASM1763920v1_genomic	980.0	6961.0	7941.0	12.341014985518196
GCF_017751265.1_ASM1775126v1_genomic	1715.0	6254.0	7969.0	21.520893462165894
GCF_017916255.1_ASM1791625v1_genomic	1543.0	4747.0	6290.0	24.53100158982512
GCF_017933115.1_ASM1793311v1_genomic	997.0	7168.0	8165.0	12.2106552357624
GCF_017933235.1_ASM1793323v1_genomic	1036.0	7239.0	8275.0	12.51963746223565
GCF_017933255.1_ASM1793325v1_genomic	1014.0	7172.0	8186.0	12.38700219887613
GCF_018069625.1_ASM1806962v1_genomic	1365.0	7019.0	8384.0	16.28101145038168
GCF_018128905.1_ASM1812890v1_genomic	818.0	7805.0	8623.0	9.486257682940971
GCF_018141485.1_ASM1814148v1_genomic	1208.0	5741.0	6949.0	17.383796229673333
GCF_018255875.1_ASM1825587v1_genomic	834.0	6106.0	6940.0	12.017291066282421
GCF_018310535.1_ASM1831053v1_genomic	970.0	7296.0	8266.0	11.73481732397774
GCF_018310575.1_ASM1831057v1_genomic	676.0	6504.0	7180.0	9.415041782729805
GCF_018604545.1_ASM1860454v1_genomic	875.0	6719.0	7594.0	11.522254411377403
GCF_018866325.1_ASM1886632v1_genomic	830.0	5661.0	6491.0	12.786935757202281
GCF_019056675.1_ASM1905667v1_genomic	722.0	6124.0	6846.0	10.546304411335086
GCF_019287315.1_ASM1928731v1_genomic	981.0	6050.0	7031.0	13.952496088749822
GCF_019378935.1_ASM1937893v1_genomic	1095.0	6392.0	7487.0	14.625350607720048
GCF_019599145.1_ASM1959914v1_genomic	1208.0	7493.0	8701.0	13.883461671072292
GCF_019703895.1_ASM1970389v1_genomic	1184.0	6649.0	7833.0	15.115536831354525
GCF_019774615.1_ASM1977461v1_genomic	2104.0	5610.0	7714.0	27.27508426238009
GCF_019880305.1_ASM1988030v1_genomic	854.0	6408.0	7262.0	11.759845772514458
GCF_019933235.1_ASM1993323v1_genomic	1018.0	5833.0	6851.0	14.859144650415997
GCF_020026305.1_ASM2002630v1_genomic	1337.0	5876.0	7213.0	18.535976708720366
GCF_020034615.1_ASM2003461v1_genomic	1056.0	5977.0	7033.0	15.014929617517417
GCF_020099395.1_ASM2009939v1_genomic	1482.0	4965.0	6447.0	22.98743601675198
GCF_020341595.1_ASM2034159v1_genomic	1212.0	5713.0	6925.0	17.501805054151625
GCF_020410765.1_ASM2041076v1_genomic	967.0	4615.0	5582.0	17.323539949838768
GCF_020535385.1_ASM2053538v1_genomic	984.0	4971.0	5955.0	16.523929471032744
GCF_020616555.1_ASM2061655v1_genomic	595.0	8225.0	8820.0	6.746031746031746
GCF_020740535.1_ASM2074053v1_genomic	1015.0	5080.0	6095.0	16.652994257588187
GCF_020783455.1_ASM2078345v1_genomic	1202.0	6123.0	7325.0	16.409556313993175
GCF_020783515.1_ASM2078351v1_genomic	542.0	5298.0	5840.0	9.280821917808218
GCF_020783535.1_ASM2078353v1_genomic	542.0	5298.0	5840.0	9.280821917808218
GCF_020783555.1_ASM2078355v1_genomic	543.0	5298.0	5841.0	9.296353364149974
GCF_020783575.1_ASM2078357v1_genomic	542.0	5298.0	5840.0	9.280821917808218
GCF_020783595.1_ASM2078359v1_genomic	542.0	5296.0	5838.0	9.284001370332305
GCF_020783615.1_ASM2078361v1_genomic	542.0	5299.0	5841.0	9.279233008046567
GCF_020783635.1_ASM2078363v1_genomic	542.0	5294.0	5836.0	9.287183002056203
GCF_020790115.1_ASM2079011v1_genomic	691.0	6027.0	6718.0	10.285799345043166
GCF_021028635.1_ASM2102863v1_genomic	1187.0	5806.0	6993.0	16.974116974116974
GCF_021029465.1_ASM2102946v1_genomic	1272.0	6713.0	7985.0	15.92986850344396
GCF_021216675.1_ASM2121667v1_genomic	670.0	4403.0	5073.0	13.207175241474472
GCF_021233395.1_ASM2123339v1_genomic	1711.0	7349.0	9060.0	18.88520971302428
GCF_021383925.1_ASM2138392v1_genomic	677.0	6403.0	7080.0	9.562146892655367
GCF_021441825.1_ASM2144182v1_genomic	685.0	7010.0	7695.0	8.901884340480832
GCF_021491675.1_ASM2149167v1_genomic	968.0	5824.0	6792.0	14.252061248527681
GCF_021496465.1_ASM2149646v1_genomic	762.0	5691.0	6453.0	11.808461180846118
GCF_021496485.1_ASM2149648v1_genomic	776.0	5149.0	5925.0	13.097046413502108
GCF_021496785.1_ASM2149678v1_genomic	1199.0	6627.0	7826.0	15.320725785842065
GCF_021545335.1_ASM2154533v1_genomic	633.0	6574.0	7207.0	8.783127514916053
GCF_021665875.1_ASM2166587v1_genomic	1234.0	7785.0	9019.0	13.6822264109103
GCF_022026295.1_ASM2202629v1_genomic	694.0	5370.0	6064.0	11.444591029023748
GCF_022220465.1_ASM2222046v1_genomic	1433.0	4893.0	6326.0	22.652545052165664
GCF_022221585.1_ASM2222158v1_genomic	802.0	7465.0	8267.0	9.701221724930447
GCF_022385335.1_ASM2238533v1_genomic	795.0	7819.0	8614.0	9.229161829579754
GCF_022647665.1_ASM2264766v1_genomic	641.0	6331.0	6972.0	9.19391853126793
GCF_022695595.1_ASM2269559v1_genomic	1036.0	5223.0	6259.0	16.5521648825691
GCF_022695635.1_ASM2269563v1_genomic	691.0	5164.0	5855.0	11.801878736122971
GCF_022699385.1_ASM2269938v1_genomic	795.0	5610.0	6405.0	12.412177985948478
GCF_022759525.1_ASM2275952v1_genomic	1476.0	4988.0	6464.0	22.834158415841586
GCF_022760195.1_ASM2276019v1_genomic	1864.0	6348.0	8212.0	22.698490014612762
GCF_022760275.1_ASM2276027v1_genomic	830.0	5909.0	6739.0	12.316367413562842
GCF_022807935.1_ASM2280793v1_genomic	1113.0	7233.0	8346.0	13.335729690869877
GCF_022827705.1_ASM2282770v1_genomic	1107.0	5892.0	6999.0	15.81654522074582
GCF_022846655.1_ASM2284665v1_genomic	642.0	5212.0	5854.0	10.966860266484455
GCF_022846675.1_ASM2284667v1_genomic	972.0	6163.0	7135.0	13.622985283812195
GCF_022869105.1_ASM2286910v1_genomic	627.0	5842.0	6469.0	9.692379038491266
GCF_023168385.1_ASM2316838v1_genomic	749.0	5157.0	5906.0	12.682018286488317
GCF_023273835.1_ASM2327383v1_genomic	1061.0	7219.0	8280.0	12.81400966183575
GCF_023277745.1_ASM2327774v1_genomic	1334.0	6422.0	7756.0	17.199587416193914
GCF_023277965.1_ASM2327796v1_genomic	783.0	5359.0	6142.0	12.748290459133832
GCF_023376055.1_ASM2337605v1_genomic	663.0	4301.0	4964.0	13.356164383561644
GCF_023498005.1_ASM2349800v1_genomic	1143.0	7295.0	8438.0	13.545863948803033
GCF_023515955.1_ASM2351595v1_genomic	1094.0	5323.0	6417.0	17.048465014804425
GCF_023614235.1_ASM2361423v1_genomic	402.0	3802.0	4204.0	9.56232159847764
GCF_023702105.1_ASM2370210v1_genomic	684.0	5432.0	6116.0	11.18378024852845
GCF_023702655.1_ASM2370265v1_genomic	1249.0	6163.0	7412.0	16.851052347544524
GCF_023716005.1_ASM2371600v1_genomic	924.0	5716.0	6640.0	13.915662650602409
GCF_023923245.1_ASM2392324v1_genomic	1116.0	6566.0	7682.0	14.527466805519396
GCF_024218735.1_ASM2421873v1_genomic	2029.0	6098.0	8127.0	24.9661621754645
GCF_024223055.1_ASM2422305v1_genomic	3196.0	5839.0	9035.0	35.373547315993356
GCF_024297125.1_ASM2429712v1_genomic	843.0	5114.0	5957.0	14.151418499244587
GCF_024298965.1_ASM2429896v1_genomic	1778.0	8007.0	9785.0	18.170669391926417
GCF_024349765.1_ASM2434976v1_genomic	1313.0	6650.0	7963.0	16.48876051739294
GCF_024365045.1_ASM2436504v1_genomic	1012.0	5741.0	6753.0	14.985932178291131
GCF_024442315.1_ASM2444231v1_genomic	874.0	6757.0	7631.0	11.453282662822698
GCF_024442335.1_ASM2444233v1_genomic	873.0	6732.0	7605.0	11.479289940828401
GCF_024499195.1_ASM2449919v1_genomic	857.0	5038.0	5895.0	14.537743850720949
GCF_024600715.1_ASM2460071v1_genomic	548.0	5203.0	5751.0	9.528777603894975
GCF_024611995.1_ASM2461199v1_genomic	1251.0	6507.0	7758.0	16.125290023201856
GCF_024612015.1_ASM2461201v1_genomic	1229.0	7788.0	9017.0	13.629810358212266
GCF_024612035.1_ASM2461203v1_genomic	1099.0	8465.0	9564.0	11.491007946465913
GCF_024666385.1_ASM2466638v1_genomic	1116.0	5946.0	7062.0	15.80288870008496
GCF_024701375.2_ASM2470137v2_genomic	881.0	5073.0	5954.0	14.796775277124622
GCF_024752535.1_ASM2475253v1_genomic	885.0	5611.0	6496.0	13.623768472906402
GCF_025163575.1_ASM2516357v1_genomic	1276.0	6532.0	7808.0	16.3422131147541
GCF_025231465.1_ASM2523146v1_genomic	1236.0	5844.0	7080.0	17.457627118644066
GCF_025252265.1_ASM2525226v1_genomic	1327.0	5382.0	6709.0	19.779400804888954
GCF_025402955.1_ASM2540295v1_genomic	905.0	6410.0	7315.0	12.371838687628161
GCF_025642135.1_ASM2564213v1_genomic	867.0	6905.0	7772.0	11.15542974781266
GCF_025642155.1_ASM2564215v1_genomic	1095.0	7050.0	8145.0	13.443830570902392
GCF_025642175.1_ASM2564217v1_genomic	1031.0	6248.0	7279.0	14.164033521088063
GCF_025643355.1_ASM2564335v1_genomic	1133.0	5083.0	6216.0	18.22715572715573
GCF_025665295.1_ASM2566529v1_genomic	889.0	6492.0	7381.0	12.044438422977917
GCF_025854275.1_ASM2585427v1_genomic	698.0	6098.0	6796.0	10.270747498528547
GCF_025908395.1_ASM2590839v1_genomic	1768.0	7901.0	9669.0	18.28524149343262
GCF_025957665.1_ASM2595766v1_genomic	575.0	5153.0	5728.0	10.03840782122905
GCF_026153355.1_ASM2615335v1_genomic	461.0	4624.0	5085.0	9.065880039331367
GCF_026167665.1_ASM2616766v1_genomic	701.0	5348.0	6049.0	11.588692345842288
GCF_026210455.1_ASM2621045v1_genomic	987.0	5071.0	6058.0	16.29250577748432
GCF_026239515.1_ASM2623951v1_genomic	890.0	6528.0	7418.0	11.997843084389324
GCF_026239535.1_ASM2623953v1_genomic	890.0	6538.0	7428.0	11.981690899299945
GCF_026427415.1_ASM2642741v1_genomic	882.0	6713.0	7595.0	11.612903225806452
GCF_026626005.1_ASM2662600v1_genomic	925.0	5053.0	5978.0	15.473402475744397
GCF_026635925.1_ASM2663592v1_genomic	199.0	5421.0	5620.0	3.5409252669039146
GCF_026636035.1_ASM2663603v1_genomic	198.0	5496.0	5694.0	3.477344573234984
GCF_026642235.1_ASM2664223v1_genomic	1097.0	5366.0	6463.0	16.97354169890144
GCF_026651955.1_ASM2665195v1_genomic	493.0	5819.0	6312.0	7.810519645120406
GCF_026810505.1_ASM2681050v1_genomic	1206.0	6359.0	7565.0	15.941837409120952
GCF_026898115.1_ASM2689811v1_genomic	1474.0	6195.0	7669.0	19.2202373190768
GCF_027107535.1_ASM2710753v1_genomic	941.0	7474.0	8415.0	11.182412358882948
GCF_027270315.1_ASM2727031v1_genomic	1236.0	7148.0	8384.0	14.74236641221374
GCF_027497475.1_ASM2749747v1_genomic	954.0	6695.0	7649.0	12.472218590665445
GCF_027497495.1_ASM2749749v1_genomic	1006.0	5880.0	6886.0	14.609352309032818
GCF_027625935.1_ASM2762593v1_genomic	1229.0	7179.0	8408.0	14.617031398667935
GCF_027626975.1_ASM2762697v1_genomic	938.0	6981.0	7919.0	11.844929915393358
GCF_027942015.1_ASM2794201v1_genomic	1501.0	5492.0	6993.0	21.464321464321465
GCF_027947595.1_ASM2794759v1_genomic	678.0	6156.0	6834.0	9.920983318700614
GCF_028198125.1_ASM2819812v1_genomic	1201.0	7210.0	8411.0	14.278920461300679
GCF_028421465.1_ASM2842146v1_genomic	1155.0	6432.0	7587.0	15.223408461842624
GCF_028464045.1_ASM2846404v1_genomic	1194.0	5799.0	6993.0	17.074217074217074
GCF_028473745.1_ASM2847374v1_genomic	892.0	5972.0	6864.0	12.995337995337996
GCF_028622875.1_ASM2862287v1_genomic	1449.0	5876.0	7325.0	19.781569965870307
GCF_028747205.1_ASM2874720v1_genomic	986.0	5973.0	6959.0	14.16870239977008
GCF_028752555.1_ASM2875255v1_genomic	2531.0	4820.0	7351.0	34.43068970208135
GCF_028870195.1_ASM2887019v1_genomic	988.0	6766.0	7754.0	12.741810678359556
GCF_028885415.1_ASM2888541v1_genomic	812.0	7224.0	8036.0	10.104529616724738
GCF_028898845.1_ASM2889884v1_genomic	1442.0	6591.0	8033.0	17.9509523216731
GCF_029011865.1_ASM2901186v1_genomic	1325.0	6967.0	8292.0	15.979257115291848
GCF_029167005.1_ASM2916700v1_genomic	1018.0	7300.0	8318.0	12.238518874729502
GCF_029167025.1_ASM2916702v1_genomic	1257.0	6941.0	8198.0	15.333008050744084
GCF_029167585.1_ASM2916758v1_genomic	536.0	5549.0	6085.0	8.808545603944125
GCF_029167625.1_ASM2916762v1_genomic	1158.0	4968.0	6126.0	18.90303623898139
GCF_029167645.1_ASM2916764v1_genomic	748.0	5252.0	6000.0	12.466666666666667
GCF_029392895.1_ASM2939289v1_genomic	996.0	5374.0	6370.0	15.63579277864992
GCF_029541745.1_ASM2954174v1_genomic	1187.0	5255.0	6442.0	18.42595467246197
GCF_029760955.1_ASM2976095v1_genomic	634.0	5928.0	6562.0	9.661688509600731
GCF_029866785.1_ASM2986678v1_genomic	1152.0	6192.0	7344.0	15.686274509803921
GCF_029906565.1_ASM2990656v1_genomic	889.0	5692.0	6581.0	13.50858532137973
GCF_030028615.1_ASM3002861v1_genomic	816.0	6149.0	6965.0	11.715721464465183
GCF_030028635.1_ASM3002863v1_genomic	854.0	5268.0	6122.0	13.94968964390722
GCF_030122705.1_ASM3012270v1_genomic	1654.0	7302.0	8956.0	18.468066100937918
GCF_030167965.1_ASM3016796v1_genomic	1532.0	4851.0	6383.0	24.00125332915557
GCF_030291795.1_ASM3029179v1_genomic	1350.0	6584.0	7934.0	17.01537685908747
GCF_030294945.1_SGFS_1.0_genomic	1098.0	8583.0	9681.0	11.341803532692904
GCF_030345275.1_ASM3034527v1_genomic	708.0	5143.0	5851.0	12.100495641770639
GCF_030388665.1_ASM3038866v1_genomic	1181.0	6646.0	7827.0	15.088795196116008
GCF_030406845.1_ASM3040684v1_genomic	754.0	5582.0	6336.0	11.900252525252524
GCF_030406865.1_ASM3040686v1_genomic	1116.0	6404.0	7520.0	14.840425531914894
GCF_030406905.1_ASM3040690v1_genomic	685.0	6074.0	6759.0	10.134635301080042
GCF_030440515.1_ASM3044051v1_genomic	1033.0	6190.0	7223.0	14.301536757579953
GCF_030450125.1_ASM3045012v1_genomic	1147.0	5353.0	6500.0	17.646153846153847
GCF_030490905.1_ASM3049090v1_genomic	1454.0	5593.0	7047.0	20.632893429828293
GCF_030506235.1_ASM3050623v1_genomic	1116.0	5871.0	6987.0	15.972520395019322
GCF_030520245.1_ASM3052024v1_genomic	1618.0	5398.0	7016.0	23.06157354618016
GCF_030544505.1_ASM3054450v1_genomic	577.0	5372.0	5949.0	9.699109093965372
GCF_030552875.1_ASM3055287v1_genomic	680.0	6498.0	7178.0	9.473390916689887
GCF_030553055.1_ASM3055305v1_genomic	1290.0	4748.0	6038.0	21.3646902947996
GCF_900236475.1_NRRL3882_genomic	861.0	6893.0	7754.0	11.103946350270828
GCF_900236505.1_NRRL3882_genomic	861.0	6893.0	7754.0	11.103946350270828
GCF_904440635.1_Streptomyces_sp._St70_complete_genome_genomic	913.0	5792.0	6705.0	13.616703952274422
GCF_904440645.1_Streptomyces_sp._St75_complete_genome_genomic	927.0	5814.0	6741.0	13.75166889185581
GCF_947311705.1_CCOS_2040.3_genomic	796.0	5057.0	5853.0	13.599863317956604
